<?xml version="1.0"?>
<!--<!DOCTYPE metadata SYSTEM "http://www.esri.com/metadata/esriprof80.dtd">-->
<metadata xml:lang="en"><Esri><CreaDate>20060214</CreaDate><CreaTime>12425800</CreaTime><SyncOnce>FALSE</SyncOnce><SyncDate>20080124</SyncDate><SyncTime>16395900</SyncTime><ModDate>20080125</ModDate><ModTime>13060700</ModTime><MetaID>{F81AD8E0-2F91-465A-98BD-5663EE1F5E5E}</MetaID><DataProperties><lineage><Process ToolSource="C:\Program Files\ArcGIS\ArcToolbox\Toolboxes\Data Management Tools.tbx\CopyFeatures" Date="20080124" Time="164008">CopyFeatures "Database Connections\DDOT SSD PROD.sde\SDE_DDOT_EDITOR.SnowRoutes\SDE_DDOT_EDITOR.SnowAreas" G:\GIS\SPATIAL_DATA\DataCatalog\SDE_DDOT_EDITOR_SnowAreas.shp # 0 0 0</Process></lineage></DataProperties></Esri><idinfo><native Sync="TRUE">Microsoft Windows XP Version 5.1 (Build 2600) Service Pack 2; ESRI ArcCatalog 9.2.2.1350</native><descript><langdata Sync="TRUE">en</langdata><abstract>Snow Areas. This feature class contains locations and attributes of the DC Residential Snow Areas. The boundaries were created to reflect the updated street centerlines (as of November 2003).</abstract><purpose>The snow areas (Residential Snow Areas-RSA) are used for the planning and management of Washington by DDOT, DPW and other local government agencies. This specific data set was created for the specific purpose of printing maps of each of the 49 RSAs (and their associated snowroutes) on a letter-sized sheet of paper for use by snow teams.</purpose><supplinf>DDOT Snow and Street Operations Project Manager is responsible for SRA boundaries.</supplinf></descript><citation><citeinfo><title Sync="TRUE">SDE_DDOT_EDITOR_SnowAreas</title><ftname Sync="TRUE">SDE_DDOT_EDITOR_SnowAreas</ftname><geoform Sync="TRUE">vector digital data</geoform><onlink>http://dcatlas.dcgis.dc.gov/download/SnowAreas.zip</onlink><origin>DDOT Spatial Data Systems Division</origin><pubdate>20040331</pubdate><onlink>http://dcatlas.dcgis.dc.gov/download/SnowAreas.kmz</onlink></citeinfo></citation><timeperd><current>ground condition</current><timeinfo><rngdates><begdate>November 2003</begdate><enddate>March 2004</enddate></rngdates></timeinfo></timeperd><status><progress>Complete</progress><update>As needed</update></status><spdom><bounding><westbc Sync="TRUE">-77.115619</westbc><eastbc Sync="TRUE">-76.909401</eastbc><northbc Sync="TRUE">38.995255</northbc><southbc Sync="TRUE">38.804357</southbc></bounding><lboundng><leftbc Sync="TRUE">389984.125013</leftbc><rightbc Sync="TRUE">407848.375013</rightbc><bottombc Sync="TRUE">126294.531251</bottombc><topbc Sync="TRUE">147479.484391</topbc></lboundng></spdom><keywords><theme><themekey>Snow Areas, Residential Snow Areas (RSA)</themekey><themekey>transportation</themekey></theme><place><placekey>Washington, DC, DDOT Spatial Data Systems Division</placekey></place></keywords><accconst>NONE</accconst><useconst>Acknowledgment of the District Department of Transportation, Spatial Data Systems Division (SDSD). DDOT SDSD makes no claims as to the completeness, accuracy or content of any data contained hereon, and makes no representation of any kind, including, but not limited to, the warranty of the accuracy or fitness for a particular use, nor are any such warranties to be implied or inferred with respect to the information or data furnished herein.</useconst><natvform Sync="TRUE">Shapefile</natvform><ptcontac><cntinfo><cntaddr><addrtype>mailing and physical address</addrtype><address>2000 14th St NW, 5th Floor ( U St side)</address><city>Washington</city><state>District of Columbia</state><postal>20009</postal></cntaddr><cntorgp><cntorg>DDOT Spatial Data Systems Division</cntorg></cntorgp><cntvoice>202-671-2123</cntvoice><hours>8:15 A.M. - 4:45 P. M.</hours></cntinfo></ptcontac></idinfo><dataIdInfo><envirDesc Sync="TRUE">Microsoft Windows XP Version 5.1 (Build 2600) Service Pack 2; ESRI ArcCatalog 9.2.2.1350</envirDesc><dataLang><languageCode Sync="TRUE" value="en"></languageCode></dataLang><idCitation><resTitle Sync="TRUE">SDE_DDOT_EDITOR_SnowAreas</resTitle><presForm><PresFormCd Sync="TRUE" value="005"></PresFormCd></presForm></idCitation><spatRpType><SpatRepTypCd Sync="TRUE" value="001"></SpatRepTypCd></spatRpType><dataExt><geoEle><GeoBndBox esriExtentType="native"><westBL Sync="TRUE">389984.125013</westBL><eastBL Sync="TRUE">407848.375013</eastBL><northBL Sync="TRUE">147479.484391</northBL><southBL Sync="TRUE">126294.531251</southBL><exTypeCode Sync="TRUE">1</exTypeCode></GeoBndBox></geoEle></dataExt><geoBox esriExtentType="decdegrees"><westBL Sync="TRUE">-77.115619</westBL><eastBL Sync="TRUE">-76.909401</eastBL><northBL Sync="TRUE">38.995255</northBL><southBL Sync="TRUE">38.804357</southBL><exTypeCode Sync="TRUE">1</exTypeCode></geoBox></dataIdInfo><metainfo><langmeta Sync="TRUE">en</langmeta><metstdn Sync="TRUE">FGDC Content Standards for Digital Geospatial Metadata</metstdn><metstdv Sync="TRUE">FGDC-STD-001-1998</metstdv><mettc Sync="TRUE">local time</mettc><metc><cntinfo><cntorgp><cntorg>DDOT Spatial Data Systems Division</cntorg></cntorgp><cntaddr><addrtype>mailing and physical address</addrtype><city>Washington</city><state>DC</state><postal>20009</postal><address>2000 14th St NW 5th Floor South</address><country>USA</country></cntaddr><cntvoice>202-671-2123</cntvoice><hours>8:15 A.M.- 4:45 P.M.</hours></cntinfo></metc><metd Sync="TRUE">20080125</metd><metextns><onlink Sync="TRUE">http://www.esri.com/metadata/esriprof80.html</onlink><metprof Sync="TRUE">ESRI Metadata Profile</metprof></metextns></metainfo><mdLang><languageCode Sync="TRUE" value="en"></languageCode></mdLang><mdStanName Sync="TRUE">ISO 19115 Geographic Information - Metadata</mdStanName><mdStanVer Sync="TRUE">DIS_ESRI1.0</mdStanVer><mdChar><CharSetCd Sync="TRUE" value="004"></CharSetCd></mdChar><mdHrLv><ScopeCd Sync="TRUE" value="005"></ScopeCd></mdHrLv><mdHrLvName Sync="TRUE">dataset</mdHrLvName><distinfo><resdesc Sync="TRUE">Downloadable Data</resdesc><stdorder><digform><digtinfo><transize Sync="TRUE">0.000</transize><dssize Sync="TRUE">0.000</dssize></digtinfo></digform></stdorder></distinfo><distInfo><distributor><distorTran><onLineSrc><orDesc Sync="TRUE">002</orDesc><linkage Sync="TRUE">file://\\OJSFILE\OCTODATA$\GIS\SPATIAL_DATA\DataCatalog\SDE_DDOT_EDITOR_SnowAreas.shp</linkage><protocol Sync="TRUE">Local Area Network</protocol></onLineSrc><transSize Sync="TRUE">0.000</transSize></distorTran><distorFormat><formatName Sync="TRUE">Shapefile</formatName></distorFormat></distributor></distInfo><spdoinfo><direct Sync="TRUE">Vector</direct><ptvctinf><esriterm Name="SDE_DDOT_EDITOR_SnowAreas"><efeatyp Sync="TRUE">Simple</efeatyp><efeageom Sync="TRUE">Polygon</efeageom><esritopo Sync="TRUE">FALSE</esritopo><efeacnt Sync="TRUE">0</efeacnt><spindex Sync="TRUE">FALSE</spindex><linrefer Sync="TRUE">FALSE</linrefer></esriterm><sdtsterm Name="SDE_DDOT_EDITOR_SnowAreas"><sdtstype Sync="TRUE">G-polygon</sdtstype><ptvctcnt Sync="TRUE">0</ptvctcnt></sdtsterm></ptvctinf></spdoinfo><spref><horizsys><cordsysn><geogcsn Sync="TRUE">GCS_North_American_1983</geogcsn><projcsn Sync="TRUE">NAD_1983_StatePlane_Maryland_FIPS_1900</projcsn></cordsysn><planar><planci><plance Sync="TRUE">coordinate pair</plance><plandu Sync="TRUE">meters</plandu><coordrep><absres Sync="TRUE">0.000000</absres><ordres Sync="TRUE">0.000000</ordres></coordrep></planci><gridsys><gridsysn>State Plane Coordinate System</gridsysn><spcs><spcszone Sync="TRUE">1900</spcszone><lambertc><stdparll Sync="TRUE">38.300000</stdparll><stdparll Sync="TRUE">39.450000</stdparll><longcm Sync="TRUE">-77.000000</longcm><latprjo Sync="TRUE">37.666667</latprjo><feast Sync="TRUE">400000.000000</feast><fnorth Sync="TRUE">0.000000</fnorth></lambertc></spcs></gridsys></planar><geodetic><horizdn Sync="TRUE">North American Datum of 1983</horizdn><ellips Sync="TRUE">Geodetic Reference System 80</ellips><semiaxis Sync="TRUE">6378137.000000</semiaxis><denflat Sync="TRUE">298.257222</denflat></geodetic></horizsys><vertdef><altsys><altenc Sync="TRUE">Explicit elevation coordinate included with horizontal coordinates</altenc><altres Sync="TRUE">1.000000</altres></altsys></vertdef></spref><refSysInfo><RefSystem><refSysID><identCode Sync="TRUE">NAD_1983_StatePlane_Maryland_FIPS_1900</identCode></refSysID></RefSystem></refSysInfo><spatRepInfo><VectSpatRep><topLvl><TopoLevCd Sync="TRUE" value="001"></TopoLevCd></topLvl><geometObjs Name="SDE_DDOT_EDITOR_SnowAreas"><geoObjTyp><GeoObjTypCd Sync="TRUE" value="001"></GeoObjTypCd></geoObjTyp><geoObjCnt Sync="TRUE">0</geoObjCnt></geometObjs></VectSpatRep></spatRepInfo><eainfo><detailed Name="SDE_DDOT_EDITOR_SnowAreas"><enttyp><enttypl Sync="TRUE">SDE_DDOT_EDITOR_SnowAreas</enttypl><enttypt Sync="TRUE">Feature Class</enttypt><enttypc Sync="TRUE">0</enttypc></enttyp><attr><attrlabl Sync="TRUE">PERIMETER</attrlabl><attalias Sync="TRUE">PERIMETER</attalias><attrtype Sync="TRUE">Double</attrtype><attwidth Sync="TRUE">8</attwidth><atprecis Sync="TRUE">17</atprecis><attscale Sync="TRUE">3</attscale></attr><attr><attrlabl Sync="TRUE">SNOW_ZONE</attrlabl><attalias Sync="TRUE">SNOW_ZONE</attalias><attrtype Sync="TRUE">SmallInteger</attrtype><attwidth Sync="TRUE">2</attwidth><atprecis Sync="TRUE">4</atprecis><attscale Sync="TRUE">0</attscale></attr><attr><attrlabl Sync="TRUE">SHAPE</attrlabl><attalias Sync="TRUE">Shape</attalias><attrtype Sync="TRUE">Number</attrtype><attwidth Sync="TRUE">18</attwidth><attrdef Sync="TRUE">Feature geometry.</attrdef><attrdefs Sync="TRUE">ESRI</attrdefs><attrdomv><udom Sync="TRUE">Coordinates defining the features.</udom></attrdomv><atnumdec Sync="TRUE">3</atnumdec></attr><attr><attrlabl Sync="TRUE">SNOW_AREAS</attrlabl><attalias Sync="TRUE">SNOW_AREAS</attalias><attrtype Sync="TRUE">Number</attrtype><attwidth Sync="TRUE">18</attwidth><atnumdec Sync="TRUE">3</atnumdec></attr><attr><attrlabl Sync="TRUE">Shape</attrlabl><attalias Sync="TRUE">Shape</attalias><attrtype Sync="TRUE">Number</attrtype><attwidth Sync="TRUE">11</attwidth><attrdef Sync="TRUE">Feature geometry.</attrdef><attrdefs Sync="TRUE">ESRI</attrdefs><attrdomv><udom Sync="TRUE">Coordinates defining the features.</udom></attrdomv></attr><attr><attrlabl Sync="TRUE">FID</attrlabl><attalias Sync="TRUE">FID</attalias><attrtype Sync="TRUE">Number</attrtype><attwidth Sync="TRUE">4</attwidth><attrdef Sync="TRUE">Internal feature number.</attrdef><attrdefs Sync="TRUE">ESRI</attrdefs><attrdomv><udom Sync="TRUE">Sequential unique whole numbers that are automatically generated.</udom></attrdomv></attr><attr><attrlabl Sync="TRUE">PARTIAL</attrlabl><attalias Sync="TRUE">PARTIAL</attalias><attrtype Sync="TRUE">Number</attrtype><attwidth Sync="TRUE">4</attwidth></attr><attr><attrlabl Sync="TRUE">SDE_DDOT_E</attrlabl><attalias Sync="TRUE">SDE_DDOT_E</attalias><attrtype Sync="TRUE">Float</attrtype><attwidth Sync="TRUE">19</attwidth><atnumdec Sync="TRUE">11</atnumdec></attr><attr><attrlabl Sync="TRUE">SHAPE_AREA</attrlabl><attalias Sync="TRUE">SHAPE_AREA</attalias><attrtype Sync="TRUE">Float</attrtype><attwidth Sync="TRUE">19</attwidth><attrdef Sync="TRUE">Area of feature in internal units squared.</attrdef><attrdefs Sync="TRUE">ESRI</attrdefs><attrdomv><udom Sync="TRUE">Positive real numbers that are automatically generated.</udom></attrdomv><atnumdec Sync="TRUE">11</atnumdec></attr><attr><attrlabl Sync="TRUE">SHAPE_LEN</attrlabl><attalias Sync="TRUE">SHAPE_LEN</attalias><attrtype Sync="TRUE">Double</attrtype><attwidth Sync="TRUE">19</attwidth><atprecis Sync="TRUE">0</atprecis><attscale Sync="TRUE">0</attscale></attr></detailed></eainfo><mdDateSt Sync="TRUE">20080125</mdDateSt><dataqual><lineage><procstep><procdesc Sync="TRUE">Dataset copied.</procdesc><srcused Sync="TRUE">Server=ddotsdsd; Service=5152; User=gisguest; Version=SDE.DEFAULT</srcused><date Sync="TRUE">20051129</date><time Sync="TRUE">07573800</time></procstep><procstep><procdesc Sync="TRUE">Dataset copied.</procdesc><srcused Sync="TRUE">Server=ddotsdsd; Service=5152; User=gisguest; Version=SDE.DEFAULT</srcused><date Sync="TRUE">20060214</date><time Sync="TRUE">12425800</time></procstep></lineage></dataqual></metadata>
